Sorting center,MSE,VSE,MAE
KUOPIO,2184.4487586034456,2563827.488483755,27.332544066783875
LIETO,5327.160071866808,12772964.92912374,47.48623599506618
OULU,1325.3192076165683,1231174.7529808895,21.0954933850096
SEINJOKI,9704.417143839766,87678766.7915012,65.86269517404355
TAMPERE,4282.643815457944,11956122.449791778,26.190764882391765
VANTAA,91273.16645588262,3746151746.451255,160.08298013656074
total,23483.84525283606,216809339.98014358,61.25267010967639
