Method,MSE,VSE,MAE,Running time training,Running time forecast
Linear Regression,77812.28645098956,2018613186.6803415,138.0585455917356,-,0:00:43.118395
