Sorting center,MSE,VSE,MAE
KUOPIO,10117.962057452754,90997571.57151572,69.02261918836177
LIETO,29175.280000298586,527803707.00240576,121.06505198296588
OULU,10985.855321990924,105423666.63737395,67.28116733167683
SEINJOKI,45667.210325613385,1698193500.432778,167.07914829584578
TAMPERE,22836.833311587623,376552017.4629918,75.855619310537
VANTAA,275179.0282629345,27842658851.829693,309.4580588453872
total,77812.28645099157,2018613186.6804376,138.0585455917371
