Sorting center,MSE,VSE,MAE
KUOPIO,2360.5879168759375,3187672.5623707767,28.508139892553793
LIETO,5319.500999214639,11442200.76643792,47.9628199888205
OULU,1379.7778869714637,1653922.04844457,21.572893750567818
SEINJOKI,7824.057484961903,58543122.61559044,58.5004603327219
TAMPERE,4239.135231846553,10501911.33243404,26.283761753992515
VANTAA,91423.49849408232,3415474500.0176554,162.74169471097488
total,23454.185597727734,212383496.99731538,61.8727015733702
