Sorting center,MSE,VSE,MAE
KUOPIO,35355.4772247486,2142556035.9455152,82.13746780880835
LIETO,93488.41637583425,10125774296.587675,204.50656088905535
OULU,33326.581733153136,1723120809.9918072,105.27085882513737
SEINÄJOKI,176992.0580497703,70664966317.09825,263.3972401423249
TAMPERE,nan,nan,nan
VANTAA,700314.5868551254,251994435336.12775,506.81284973075714
total,nan,nan,nan
