Sorting center,MSE,VSE,MAE
KUOPIO,9973.157123684157,43843661.15678816,64.32568156595077
LIETO,17792.21815336548,357712816.19139934,86.10417931265353
OULU,10368.318014051241,89324977.1831958,63.36346671223993
SEINJOKI,50405.991700188126,2387333198.6298304,162.5817345449353
TAMPERE,17637.26753104916,292199191.78796434,77.0334301185884
VANTAA,327210.358980842,47808671779.10136,287.12228246286344
total,86506.426119131,3208688404.0706816,125.67766532778612
