Method,MSE,VSE,MAE,Running time training,Running time forecast
Linear Regression,77812.28645099157,2018613186.6804376,138.0585455917371,-,0:00:19.874189
Neural Network,23454.185597727734,212383496.99731538,61.8727015733702,0:07:57.167207,0:00:01.957227
ARIMA,86506.426119131,3208688404.0706816,125.67766532778612,0:14:25.434077,0:03:24.329832
