Sorting center,MSE,VSE,MAE
KUOPIO,2264.211363540115,2914401.0246630036,27.49602824584261
