Method,MSE,VSE,MAE,Running time training,Running time forecast
Linear Regression,77812.28645099157,2018613186.6804376,138.0585455917371,-,0:00:17.028848
Neural Network,23483.84525283606,216809339.98014358,61.25267010967639,0:07:28.212559,0:00:01.685877
ARIMA,86506.426119131,3208688404.0706816,125.67766532778612,0:14:27.304098,0:04:20.151340
