Method,MSE,VSE,MAE,Running time training,Running time forecast
Linear Regression,77812.28645099157,2018613186.6804376,138.0585455917371,-,0:00:15.551111
