Method,MSE,VSE,MAE,Running time training, Running time forecast
Linear Regression,77812.28645099157,2018613186.6804376,138.0585455917371,0:00:28.732123,-
Neural Network,22990.93248342313,210861992.40001357,59.550646099120215,0:11:19.043758,-
