Sorting center,MSE,VSE,MAE
KUOPIO,2436.2950621272353,3786770.2018663986,28.835714498672132
LIETO,5465.599596820714,12277143.23011645,49.33367947561283
OULU,1426.9328569164295,1226895.5538968234,21.833680080740997
SEINJOKI,9883.736153190268,133864825.5747105,66.05876005881794
TAMPERE,5066.748791372228,13851409.666414974,26.820242731982216
VANTAA,90643.99802573923,3432171477.7734785,159.22926088949404
total,23610.457688491937,211805194.77221754,61.897845783348586
