Sorting center,MSE,VSE,MAE
KUOPIO,2291.6676684610115,3035443.85758331,27.621015221103445
LIETO,3693.0591548684106,4476179.215150584,39.92163966910919
OULU,1274.634929545835,1017680.4409543959,20.80752342188736
SEINÄJOKI,6995.515993183139,27965334.044826366,56.963770804479005
TAMPERE,4333.350953171947,12947651.914769324,26.656774574421203
VANTAA,90811.60755828516,3379962163.910599,159.7021201729839
total,22990.93248342313,210861992.40001357,59.550646099120215
