Sorting center,MSE,VSE,MAE
KUOPIO,35359.82806105615,682010613.2648818,123.81411689189967
LIETO,37032.88678920003,1314014150.1380804,124.66102417922173
OULU,26644.323920322237,722375818.8537242,101.04815812231425
SEINÄJOKI,163019.43868331477,28638924687.91668,282.3833619679473
TAMPERE,54031.593274926054,3241027535.4810185,123.01671166633479
VANTAA,750307.5092311929,745663505123.3707,401.94832205519526
total,162463.93799704776,58097046544.22441,162.55053485592074
