Sorting center,MSE,VSE,MAE
KUOPIO,90047.49201110308,3989181348.3319697,156.08459429871664
