Sorting center,MSE,VSE,MAE
KUOPIO,2204.19162046766,2934731.2107664864,26.584291290756248
