Sorting center,MSE,VSE,MAE
KUOPIO,2362.4962894646465,2911727.516482775,29.03421308829283
LIETO,4373.694105112436,6461735.980114544,42.785818551609815
OULU,1386.1442743775528,842253.3173250494,22.749142504558886
SEINÄJOKI,7285.565441466068,43173013.670390084,55.43653772792012
TAMPERE,4207.046922618809,12108206.165138422,27.55831925434475
VANTAA,96230.66981927157,4531809840.402971,158.68361619223796
total,24343.1953424387,274267526.6680068,60.49372542211388
