Method,MSE,VSE,MAE,Running time training,Running time forecast
Linear Regression,77812.28645099157,2018613186.6804376,138.0585455917371,-,0:00:15.551111
Neural Network,24343.1953424387,274267526.6680068,60.49372542211388,0:10:20.696624,0:00:04.680562
ARIMA,86506.426119131,3208688404.0706816,125.67766532778612,0:14:16.176245,0:03:54.361610
