Method,MSE,VSE,MAE,Running time training,Running time forecast
Linear Regression,77812.28645098956,2018613186.6803415,138.0585455917356,-,0:00:10.487992
Neural Network,23610.457688491937,211805194.77221754,61.897845783348586,0:04:39.054144,0:00:00.902452
ARIMA,87048.54090951625,3272310995.824974,126.34654358460857,0:07:07.652117,0:02:37.629270
